[
    {
        "Container": "raw-data-for-sql-database",
        "FilePath": "HospitalA/departments.csv",
        "FileName": "departments.csv",
        "DatabaseName": "trendytech-hospital-a",
        "TableName": "Departments"
    },
    {
        "Container": "raw-data-for-sql-database",
        "FilePath": "HospitalA/providers.csv",
        "FileName": "providers.csv",
        "DatabaseName": "trendytech-hospital-a",
        "TableName": "Providers"
    },
    {
        "Container": "raw-data-for-sql-database",
        "FilePath": "HospitalA/encounters.csv",
        "FileName": "encounters.csv",
        "DatabaseName": "trendytech-hospital-a",
        "TableName": "Encounters"
    },
    {
        "Container": "raw-data-for-sql-database",
        "FilePath": "HospitalA/patients.csv",
        "FileName": "patients.csv",
        "DatabaseName": "trendytech-hospital-a",
        "TableName": "Patients"
    },
    {
        "Container": "raw-data-for-sql-database",
        "FilePath": "HospitalA/transactions.csv",
        "FileName": "transactions.csv",
        "DatabaseName": "trendytech-hospital-a",
        "TableName": "Transactions"
    },
    {
        "Container": "raw-data-for-sql-database",
        "FilePath": "HospitalB/departments.csv",
        "FileName": "departments.csv",
        "DatabaseName": "trendytech-hospital-b",
        "TableName": "Departments"
    },
    {
        "Container": "raw-data-for-sql-database",
        "FilePath": "HospitalB/providers.csv",
        "FileName": "providers.csv",
        "DatabaseName": "trendytech-hospital-b",
        "TableName": "Providers"
    },
    {
        "Container": "raw-data-for-sql-database",
        "FilePath": "HospitalB/encounters.csv",
        "FileName": "encounters.csv",
        "DatabaseName": "trendytech-hospital-b",
        "TableName": "Encounters"
    },
    {
        "Container": "raw-data-for-sql-database",
        "FilePath": "HospitalB/patients.csv",
        "FileName": "patients.csv",
        "DatabaseName": "trendytech-hospital-b",
        "TableName": "Patients"
    },
    {
        "Container": "raw-data-for-sql-database",
        "FilePath": "HospitalB/transactions.csv",
        "FileName": "transactions.csv",
        "DatabaseName": "trendytech-hospital-b",
        "TableName": "Transactions"
    }
]
